variant,ann_turn,gross_CAGR,Sharpe,maxDD,net10_CAGR,net20_CAGR,gross_alpha,gross_t,net10_alpha,net10_t
Baseline (top-10),5.059200000000001,0.22623207242417465,0.9575907268261452,-0.5805481239360206,0.22012532194492795,0.2140459770806078,6.30949315758218,1.7111418388039266,5.777233926426528,1.5686974122812778
Hold-band K=15,3.9696000000000007,0.22540585068693852,0.9583224308823841,-0.5749954271351571,0.22061484551802946,0.21584046587213712,5.817091133032792,1.675696218289187,5.403218427212875,1.556957402766826
Hold-band K=20,3.3407999999999998,0.21185887396427794,0.9144945163907402,-0.5981084974057741,0.20786844886421063,0.20388953430368417,4.963739476494555,1.5238710956867851,4.616490378372173,1.4175499862905756
Hold-band K=25,2.9376,0.20963982492397237,0.9004719642013456,-0.5890168180682223,0.2061404118699235,0.2026497870598032,4.365399160870176,1.3854117987088408,4.064152367276841,1.2894446280099965
Rebalance every 2m,3.7584000000000004,0.19759163146770464,0.8632473238226437,-0.5607311469467917,0.19316022576420533,0.1887426497638971,3.6464985919439252,1.1307943369662572,3.270643578684518,1.0151668849765891
Rebalance every 3m,2.9951999999999996,0.17921512145038365,0.7992968037248257,-0.6278217066982283,0.17572258501749016,0.17223779835919695,1.9036671708654307,0.6161114127874249,1.6052863568448483,0.5199994126962362
Max 3 trades/mo,3.936,0.22645246606678193,0.9542646698102482,-0.6233349466895123,0.22169810618450136,0.2169604130153544,6.635836537698836,1.7238549626350514,6.218991372708804,1.6179304301422126
Max 2 trades/mo,2.904,0.17667446071949433,0.7871595375451287,-0.6601851820566416,0.17329716861456212,0.16992856510037857,2.390708155432275,0.7330468573952722,2.0935967332406547,0.6428872570171608
Composite EMA span=2,4.1952,0.2227890039999214,0.9360139752912823,-0.5678008909343026,0.21774061442776227,0.21271090944253768,5.42670502916387,1.4787211636147377,4.988015558758296,1.3604808949686393
Composite EMA span=3,3.7776000000000005,0.2079888030114878,0.8737144830811231,-0.6374669115936731,0.20348189077311218,0.19899000892750607,4.543899251740124,1.316145474050686,4.149642527325592,1.2032793209304613
